#CHROM	POS	H-9	H-21	H-16	H-27	H-3	H-10	H-22	H-8	H-17	H-24	H-6	H-18	H-5	H-4	H-26	H-20	H-11	H-2	H-23	H-12	H-14	H-1	H-19	H-25	H-7	H-15
NC_035445.2	152161520	1/1	1/1	0/0	0/1	0/0	0/0	1/1	0/0	0/0	0/0	0/0	0/0	0/0	0/0	0/1	1/1	0/1	0/1	1/1	0/1	0/0	0/0	0/0	0/0	1/1	0/0
NC_035445.2	152602920	1/1	1/1	0/0	0/1	0/0	0/0	1/1	0/0	0/0	0/0	0/0	0/1	0/0	0/0	0/1	1/1	1/1	1/1	1/1	1/1	0/0	0/0	0/0	0/1	1/1	0/0
NC_035445.2	153583253	1/1	1/1	0/0	0/1	0/0	0/0	1/1	0/0	0/0	0/0	0/0	0/1	0/0	0/0	0/1	1/1	0/1	0/1	1/1	0/1	0/0	0/0	0/0	0/1	1/1	0/0
NC_035445.2	153949714	1/1	1/1	0/0	0/1	0/0	0/0	1/1	0/0	0/0	0/0	0/0	0/1	0/0	0/0	0/1	1/1	0/1	0/1	1/1	0/1	0/0	0/0	0/0	0/1	1/1	0/0
NC_035445.2	155087415	1/1	1/1	0/0	0/1	0/0	0/0	1/1	0/0	0/0	0/0	0/0	0/0	0/0	0/0	0/1	1/1	0/1	1/1	1/1	0/1	0/0	0/0	0/0	0/1	1/1	0/0
NC_035445.2	155465938	1/1	1/1	0/2	1/2	2/2	0/0	1/1	0/0	0/0	2/2	2/2	0/1	0/0	0/0	1/2	1/1	0/1	1/1	1/1	0/1	0/0	0/0	2/2	1/2	1/1	0/2
NC_035445.2	155847945	1/1	1/1	0/1	0/1	1/1	0/0	1/1	0/0	0/0	0/0	1/1	0/1	0/0	0/0	0/1	1/1	0/1	1/1	1/1	0/1	0/0	0/0	0/0	0/1	1/1	0/1
NC_035445.2	156160357	1/1	1/1	0/1	0/1	1/1	0/0	1/1	0/0	0/0	0/0	1/1	0/1	0/0	0/0	0/1	1/1	0/1	1/1	1/1	0/1	0/0	0/0	0/0	0/1	1/1	0/1
NC_035445.2	156370666	1/1	1/1	0/0	0/1	0/0	0/0	1/1	0/0	0/0	0/0	0/0	0/1	0/0	0/0	0/1	1/1	0/1	0/1	1/1	0/1	0/0	0/0	0/0	0/1	1/1	0/0
NC_035445.2	156384352	1/1	1/1	0/1	0/1	1/1	0/0	1/1	0/0	0/0	0/0	1/1	0/0	0/0	0/0	0/1	1/1	0/1	1/1	1/1	0/1	0/0	0/0	0/0	0/1	1/1	0/1
NC_035445.2	156456877	1/1	1/1	0/1	0/1	0/1	0/0	1/1	0/0	0/0	0/0	0/1	0/1	0/0	0/0	0/1	1/1	0/1	1/1	1/1	0/1	0/0	0/0	0/0	0/1	1/1	0/0
NC_035445.2	156940410	1/1	1/1	0/1	0/1	1/1	0/0	1/1	0/0	0/0	0/0	1/1	0/0	0/0	0/0	0/1	1/1	0/1	1/1	1/1	0/1	0/0	0/0	0/0	0/1	1/1	0/1
NC_035445.2	159241056	1/1	1/1	0/1	0/1	1/1	0/0	1/1	0/0	0/0	0/0	1/1	0/1	0/0	0/0	0/1	1/1	0/1	1/1	1/1	0/1	0/1	0/0	0/0	0/1	1/1	0/1
