#CHROM	POS	H_9_FKDN240279193-1A_22CNTVLT4_L7	H_21_FKDN240279204-1A_22CNTVLT4_L8	H_16_FKDN240279199-1A_22CNTVLT4_L8	H_27_FKDN240279210-1A_22FJ_concatenated	H_3_FKDN240279187-1A_22CNTVLT4_L7	H_10_FKDN240279194-1A_22CNTVLT4_L8	H_22_FKDN240279205-1A_22CNTVLT4_L8	H_8_FKDN240279192-1A_22CNTVLT4_L7	H_17_FKDN240279200-1A_22CNTVLT4_L8	H_24_FKDN240279207-1A_22FKLWLT4_L4	H_6_FKDN240279190-1A_22CNTVLT4_L7	H_18_FKDN240279201-1A_22CNTVLT4_L8	H_5_FKDN240279189-1A_22CNTVLT4_L7	H_4_FKDN240279188-1A_22CNTVLT4_L7	H_26_FKDN240279209-1A_22FKLWLT4_L4	H_20_FKDN240279203-1A_22CNTVLT4_L8	H_11_FKDN240279195-1A_22CNTVLT4_L8	H_2_FKDN240279186-1A_22CNTVLT4_L7	H_23_FKDN240279206-1A_22FJ_concatenated	H_12_FKDN240279196-1A_22CNTVLT4_L8	H_14_FKDN240279197-1A_22CNTVLT4_L8	H_1_FKDN240279185-1A_22CNTVLT4_L7	H_19_FKDN240279202-1A_22CNTVLT4_L8	H_25_FKDN240279208-1A_22FKLWLT4_L4	H_7_FKDN240279191-1A_22CNTVLT4_L7	H_15_FKDN240279198-1A_22CNTVLT4_L8
NC_035433.2	74500460	1/1	1/1	1/1	1/1	1/1	1/1	1/1	1/1	1/1	1/1	1/1	1/1	1/1	1/1	1/1	1/1	1/1	1/1	1/1	1/1	1/1	1/1	1/1	1/1	1/1	1/1
NC_035433.2	76166671	1/1	1/1	1/1	1/1	1/1	1/1	1/1	1/1	1/1	1/1	1/1	1/1	1/1	1/1	1/1	1/1	1/1	1/1	1/1	1/1	1/1	1/1	1/1	1/1	1/1	1/1
NC_035434.2	72733198	1/1	1/1	1/1	1/1	1/1	1/1	1/1	1/1	1/1	1/1	1/1	1/1	1/1	1/1	1/1	1/1	1/1	1/1	1/1	1/1	1/1	1/1	1/1	1/1	1/1	1/1
NC_035436.2	901328	1/1	1/1	1/1	1/1	1/1	1/1	1/1	1/1	1/1	1/1	1/1	1/1	1/1	1/1	1/1	1/1	1/1	1/1	1/1	1/1	1/1	1/1	1/1	1/1	1/1	1/1
NC_035436.2	189985344	1/1	1/1	1/1	1/1	1/1	1/1	1/1	1/1	1/1	1/1	1/1	1/1	1/1	1/1	1/1	1/1	1/1	1/1	1/1	1/1	1/1	1/1	1/1	1/1	1/1	1/1
NC_035438.2	118764636	1/1	1/1	1/1	1/1	1/1	1/1	1/1	1/1	1/1	1/1	1/1	1/1	1/1	1/1	1/1	1/1	1/1	1/1	1/1	1/1	1/1	1/1	1/1	1/1	1/1	1/1
NC_035440.2	9506603	1/1	1/1	1/1	1/1	1/1	1/1	1/1	1/1	1/1	1/1	1/1	1/1	1/1	1/1	1/1	1/1	1/1	1/1	1/1	1/1	1/1	1/1	1/1	1/1	1/1	1/1
NC_035445.2	156370666	1/1	1/1	0/0	0/1	0/0	0/0	1/1	0/0	0/0	0/0	0/0	0/1	0/0	0/0	0/1	1/1	0/1	0/1	1/1	0/1	0/0	0/0	0/0	0/1	1/1	0/0
NC_035445.2	156384352	1/1	1/1	0/1	0/1	1/1	0/0	1/1	0/0	0/0	0/0	1/1	0/0	0/0	0/0	0/1	1/1	0/1	1/1	1/1	0/1	0/0	0/0	0/0	0/1	1/1	0/1
NC_035446.2	1455979	1/1	1/1	1/1	1/1	1/1	1/1	1/1	1/1	1/1	1/1	1/1	1/1	1/1	1/1	1/1	1/1	1/1	1/1	1/1	1/1	1/1	1/1	1/1	1/1	1/1	1/1
NC_035446.2	52076210	1/1	1/1	1/1	1/1	1/1	1/1	1/1	1/1	1/1	1/1	1/1	1/1	1/1	1/1	1/1	1/1	1/1	1/1	1/1	1/1	1/1	1/1	1/1	1/1	1/1	1/1
NC_007977.1	76370	1/1	1/1	1/1	1/1	1/1	1/1	1/1	1/1	1/1	1/1	1/1	1/1	1/1	1/1	1/1	1/1	1/1	1/1	1/1	1/1	1/1	1/1	1/1	1/1	1/1	1/1
NC_023337.1	169028	1/1	1/1	1/1	1/1	1/1	1/1	1/1	1/1	1/1	1/1	1/1	1/1	1/1	1/1	1/1	1/1	1/1	1/1	1/1	1/1	1/1	1/1	1/1	1/1	1/1	1/1
